"Longitude (x)","Latitude (y)","Station Name","Climate ID","Date/Time","Year","Month","Day","Data Quality","Max Temp (°C)","Max Temp Flag","Min Temp (°C)","Min Temp Flag","Mean Temp (°C)","Mean Temp Flag","Heat Deg Days (°C)","Heat Deg Days Flag","Cool Deg Days (°C)","Cool Deg Days Flag","Total Rain (mm)","Total Rain Flag","Total Snow (cm)","Total Snow Flag","Total Precip (mm)","Total Precip Flag","Snow on Grnd (cm)","Snow on Grnd Flag","Dir of Max Gust (10s deg)","Dir of Max Gust Flag","Spd of Max Gust (km/h)","Spd of Max Gust Flag"
"-81.38","48.57","TIMMINS A","6078286","2022-01-01","2022","01","01","","-14.2","","-29.6","","-21.9","","39.9","","0.0","","","M","","M","","M","","","","M","","M"
"-81.38","48.57","TIMMINS A","6078286","2022-01-02","2022","01","02","","-18.7","","-35.0","","-26.9","","44.9","","0.0","","","M","","M","","M","","","","M","","M"
"-81.38","48.57","TIMMINS A","6078286","2022-01-03","2022","01","03","","-8.5","","-30.6","","-19.6","","37.6","","0.0","","","M","","M","","M","","","","M","","M"
"-81.38","48.57","TIMMINS A","6078286","2022-01-04","2022","01","04","","-7.8","","-17.4","","-12.6","","30.6","","0.0","","0.3","","0.0","","0.3","","","","","M","","M"
"-81.38","48.57","TIMMINS A","6078286","2022-01-05","2022","01","05","","-15.9","","-23.5","","-19.7","","37.7","","0.0","","","M","","M","","M","","","36","","51",""
"-81.38","48.57","TIMMINS A","6078286","2022-01-06","2022","01","06","","-18.6","","-25.7","","-22.2","","40.2","","0.0","","","M","","M","","M","","","36","","34",""
"-81.38","48.57","TIMMINS A","6078286","2022-01-07","2022","01","07","","-18.5","","-31.5","","-25.0","","43.0","","0.0","","","M","","M","","M","","","","M","","M"
"-81.38","48.57","TIMMINS A","6078286","2022-01-08","2022","01","08","","-4.0","","-30.2","","-17.1","","35.1","","0.0","","","M","","M","","M","","","17","","55",""
"-81.38","48.57","TIMMINS A","6078286","2022-01-09","2022","01","09","","-3.9","","-22.3","","-13.1","","31.1","","0.0","","2.9","","0.0","","2.9","","","","30","","62",""
"-81.38","48.57","TIMMINS A","6078286","2022-01-10","2022","01","10","","-22.2","","-36.0","","-29.1","","47.1","","0.0","","","M","","M","","M","","","31","","37",""
"-81.38","48.57","TIMMINS A","6078286","2022-01-11","2022","01","11","","-12.5","","-37.2","","-24.9","","42.9","","0.0","","","M","","M","","M","","","18","","49",""
"-81.38","48.57","TIMMINS A","6078286","2022-01-12","2022","01","12","","-9.9","","-31.2","","-20.6","","38.6","","0.0","","1.3","","0.0","","1.3","","","","35","","47",""
"-81.38","48.57","TIMMINS A","6078286","2022-01-13","2022","01","13","","-12.6","","-32.6","","-22.6","","40.6","","0.0","","0.6","","0.0","","0.6","","","","33","","42",""
"-81.38","48.57","TIMMINS A","6078286","2022-01-14","2022","01","14","","-24.9","","-38.1","","-31.5","","49.5","","0.0","","","M","","M","","M","","","","M","","M"
"-81.38","48.57","TIMMINS A","6078286","2022-01-15","2022","01","15","","-20.3","","-41.5","","-30.9","","48.9","","0.0","","","M","","M","","M","","","","M","","M"
"-81.38","48.57","TIMMINS A","6078286","2022-01-16","2022","01","16","","-8.3","","-20.3","","-14.3","","32.3","","0.0","","","M","","M","","M","","","20","","43",""
"-81.38","48.57","TIMMINS A","6078286","2022-01-17","2022","01","17","","-9.5","","-22.8","","-16.2","","34.2","","0.0","","","M","","M","","M","","","33","","43",""
"-81.38","48.57","TIMMINS A","6078286","2022-01-18","2022","01","18","","","M","","M","","M","","M","","M","","M","","M","","M","","","12","","35",""
"-81.38","48.57","TIMMINS A","6078286","2022-01-19","2022","01","19","","-15.0","","-28.6","","-21.8","","39.8","","0.0","","","M","","M","","M","","","32","","53",""
"-81.38","48.57","TIMMINS A","6078286","2022-01-20","2022","01","20","","-22.1","","-32.1","","-27.1","","45.1","","0.0","","","M","","M","","M","","","","M","","M"
"-81.38","48.57","TIMMINS A","6078286","2022-01-21","2022","01","21","","-9.5","","-31.6","","-20.6","","38.6","","0.0","","0.0","","0.0","","0.0","","","","21","","55",""
"-81.38","48.57","TIMMINS A","6078286","2022-01-22","2022","01","22","","-6.5","","-23.9","","-15.2","","33.2","","0.0","","","M","","M","","M","","","19","","64",""
"-81.38","48.57","TIMMINS A","6078286","2022-01-23","2022","01","23","","-19.1","","-31.9","","-25.5","","43.5","","0.0","","0.0","","0.0","","0.0","","","","","M","","M"
"-81.38","48.57","TIMMINS A","6078286","2022-01-24","2022","01","24","","-16.6","","-30.6","","-23.6","","41.6","","0.0","","0.0","","0.0","","0.0","","","","","M","","M"
"-81.38","48.57","TIMMINS A","6078286","2022-01-25","2022","01","25","","-22.3","","-38.1","","-30.2","","48.2","","0.0","","","M","","M","","M","","","","M","","M"
"-81.38","48.57","TIMMINS A","6078286","2022-01-26","2022","01","26","","-10.7","","-41.0","","-25.9","","43.9","","0.0","","","M","","M","","M","","","19","","64",""
"-81.38","48.57","TIMMINS A","6078286","2022-01-27","2022","01","27","","-7.7","","-30.4","","-19.1","","37.1","","0.0","","0.6","","1.0","","1.6","","","","33","","53",""
"-81.38","48.57","TIMMINS A","6078286","2022-01-28","2022","01","28","","-15.8","","-36.4","","-26.1","","44.1","","0.0","","","M","","M","","M","","","","M","","M"
"-81.38","48.57","TIMMINS A","6078286","2022-01-29","2022","01","29","","-7.6","","-21.3","","-14.5","","32.5","","0.0","","","M","","M","","M","","","","M","","M"
"-81.38","48.57","TIMMINS A","6078286","2022-01-30","2022","01","30","","-13.8","","-29.6","","-21.7","","39.7","","0.0","","","M","","M","","M","","","","M","","M"
"-81.38","48.57","TIMMINS A","6078286","2022-01-31","2022","01","31","","-8.7","","-30.2","","-19.5","","37.5","","0.0","","","M","","M","","M","","","16","","31",""
"-81.38","48.57","TIMMINS A","6078286","2022-02-01","2022","02","01","","1.9","","-8.7","","-3.4","","21.4","","0.0","","","M","","M","","M","","","17","","58",""
"-81.38","48.57","TIMMINS A","6078286","2022-02-02","2022","02","02","","-0.2","","-23.2","","-11.7","","29.7","","0.0","","","M","","M","","M","","","24","","55",""
"-81.38","48.57","TIMMINS A","6078286","2022-02-03","2022","02","03","","-18.7","","-34.7","","-26.7","","44.7","","0.0","","","M","","M","","M","","","","M","","M"
"-81.38","48.57","TIMMINS A","6078286","2022-02-04","2022","02","04","","-17.9","","-36.3","","-27.1","","45.1","","0.0","","0.0","","0.0","","0.0","","","","","M","","M"
"-81.38","48.57","TIMMINS A","6078286","2022-02-05","2022","02","05","","-12.6","","-37.6","","-25.1","","43.1","","0.0","","","M","","M","","M","","","","M","","M"
"-81.38","48.57","TIMMINS A","6078286","2022-02-06","2022","02","06","","-6.0","","-13.9","","-10.0","","28.0","","0.0","","","M","","M","2.0","","","","","M","","M"
"-81.38","48.57","TIMMINS A","6078286","2022-02-07","2022","02","07","","-8.8","","-18.5","","-13.7","","31.7","","0.0","","","M","","M","","M","","","","M","","M"
"-81.38","48.57","TIMMINS A","6078286","2022-02-08","2022","02","08","","-4.7","","-15.8","","-10.3","","28.3","","0.0","","0.0","","0.0","","0.0","","","","","M","","M"
"-81.38","48.57","TIMMINS A","6078286","2022-02-09","2022","02","09","","-2.5","","-6.9","","-4.7","","22.7","","0.0","","4.2","","0.0","","4.2","","","","18","","32",""
"-81.38","48.57","TIMMINS A","6078286","2022-02-10","2022","02","10","","-3.1","","-17.4","","-10.3","","28.3","","0.0","","0.4","","0.0","","0.4","","","","31","","39",""
"-81.38","48.57","TIMMINS A","6078286","2022-02-11","2022","02","11","","-5.2","","-24.4","","-14.8","","32.8","","0.0","","2.3","","2.6","","4.9","","","","34","","56",""
"-81.38","48.57","TIMMINS A","6078286","2022-02-12","2022","02","12","","-21.4","","-35.2","","-28.3","","46.3","","0.0","","0.0","T","0.0","","0.0","T","","","33","","45",""
"-81.38","48.57","TIMMINS A","6078286","2022-02-13","2022","02","13","","-17.0","","-39.6","","-28.3","","46.3","","0.0","","0.0","","0.0","","0.0","","","","","M","","M"
"-81.38","48.57","TIMMINS A","6078286","2022-02-14","2022","02","14","","-12.8","","-34.4","","-23.6","","41.6","","0.0","","0.0","","0.0","","0.0","","","","","M","","M"
"-81.38","48.57","TIMMINS A","6078286","2022-02-15","2022","02","15","","-12.3","","-33.2","","-22.8","","40.8","","0.0","","0.0","T","0.0","","0.0","T","","","15","","35",""
"-81.38","48.57","TIMMINS A","6078286","2022-02-16","2022","02","16","","-0.7","","-12.6","","-6.7","","24.7","","0.0","","4.2","","0.0","","4.2","","","","15","","41",""
"-81.38","48.57","TIMMINS A","6078286","2022-02-17","2022","02","17","","-7.0","","-25.2","","-16.1","","34.1","","0.0","","0.0","","0.0","","0.0","","","","36","","36",""
"-81.38","48.57","TIMMINS A","6078286","2022-02-18","2022","02","18","","-16.8","","-36.6","","-26.7","","44.7","","0.0","","0.7","","0.0","","0.7","","","","10","","34",""
"-81.38","48.57","TIMMINS A","6078286","2022-02-19","2022","02","19","","-15.2","","-21.3","","-18.3","","36.3","","0.0","","0.0","","0.0","T","0.0","T","","","33","","52",""
"-81.38","48.57","TIMMINS A","6078286","2022-02-20","2022","02","20","","-4.2","","-19.4","","-11.8","","29.8","","0.0","","","M","","M","","M","","","32","","64",""
"-81.38","48.57","TIMMINS A","6078286","2022-02-21","2022","02","21","","-19.4","","-29.8","","-24.6","","42.6","","0.0","","","M","","M","","M","","","33","","33",""
"-81.38","48.57","TIMMINS A","6078286","2022-02-22","2022","02","22","","-15.4","","-21.2","","-18.3","","36.3","","0.0","","1.8","","0.0","","1.8","","","","5","","43",""
"-81.38","48.57","TIMMINS A","6078286","2022-02-23","2022","02","23","","-14.3","","-33.3","","-23.8","","41.8","","0.0","","1.1","","0.0","","1.1","","","","32","","48",""
"-81.38","48.57","TIMMINS A","6078286","2022-02-24","2022","02","24","","-10.8","","-36.4","","-23.6","","41.6","","0.0","","0.0","","0.0","","0.0","","","","","M","","M"
"-81.38","48.57","TIMMINS A","6078286","2022-02-25","2022","02","25","","-8.7","","-36.0","","-22.4","","40.4","","0.0","","0.0","","0.0","","0.0","","","","","M","","M"
"-81.38","48.57","TIMMINS A","6078286","2022-02-26","2022","02","26","","-4.9","","-20.9","","-12.9","","30.9","","0.0","","0.3","","2.0","","0.5","","","","21","","58",""
"-81.38","48.57","TIMMINS A","6078286","2022-02-27","2022","02","27","","-10.0","","-30.8","","-20.4","","38.4","","0.0","","0.0","","0.0","","0.0","","","","34","","52",""
"-81.38","48.57","TIMMINS A","6078286","2022-02-28","2022","02","28","","-9.1","","-35.4","","-22.3","","40.3","","0.0","","0.0","","0.0","T","0.0","T","","","","M","","M"
"-81.38","48.57","TIMMINS A","6078286","2022-03-01","2022","03","01","","-5.9","","-14.6","","-10.3","","28.3","","0.0","","","M","","M","","M","","","","M","","M"
"-81.38","48.57","TIMMINS A","6078286","2022-03-02","2022","03","02","","-7.9","","-26.4","","-17.2","","35.2","","0.0","","","M","","M","","M","","","31","","41",""
"-81.38","48.57","TIMMINS A","6078286","2022-03-03","2022","03","03","","-10.2","","-33.9","","-22.1","","40.1","","0.0","","0.0","","0.0","","0.0","","","","28","","34",""
"-81.38","48.57","TIMMINS A","6078286","2022-03-04","2022","03","04","","-5.4","","-23.9","","-14.7","","32.7","","0.0","","0.0","","0.0","","0.0","","","","28","","36",""
"-81.38","48.57","TIMMINS A","6078286","2022-03-05","2022","03","05","","-2.6","","-24.1","","-13.4","","31.4","","0.0","","3.7","","0.0","","3.7","","","","9","","32",""
"-81.38","48.57","TIMMINS A","6078286","2022-03-06","2022","03","06","","-2.4","","-7.7","","-5.1","","23.1","","0.0","","11.9","","0.0","","11.9","","","","33","","39",""
"-81.38","48.57","TIMMINS A","6078286","2022-03-07","2022","03","07","","","M","","M","","M","","M","","M","0.0","","0.0","","0.0","","","","30","","35",""
"-81.38","48.57","TIMMINS A","6078286","2022-03-08","2022","03","08","","0.4","","-16.0","","-7.8","","25.8","","0.0","","0.0","","0.0","","0.0","","","","24","","42",""
"-81.38","48.57","TIMMINS A","6078286","2022-03-09","2022","03","09","","-1.1","","-11.1","","-6.1","","24.1","","0.0","","","M","","M","","M","","","27","","39",""
"-81.38","48.57","TIMMINS A","6078286","2022-03-10","2022","03","10","","-7.6","","-15.9","","-11.8","","29.8","","0.0","","0.0","","0.0","","0.0","","","","21","","37",""
"-81.38","48.57","TIMMINS A","6078286","2022-03-11","2022","03","11","","-4.9","","-22.0","","-13.5","","31.5","","0.0","","","M","","M","","M","","","17","","41",""
"-81.38","48.57","TIMMINS A","6078286","2022-03-12","2022","03","12","","-10.2","","-25.9","","-18.1","","36.1","","0.0","","","M","","M","","M","","","30","","51",""
"-81.38","48.57","TIMMINS A","6078286","2022-03-13","2022","03","13","","-6.0","","-18.4","","-12.2","","30.2","","0.0","","1.2","","0.0","","1.2","","","","","M","","M"
"-81.38","48.57","TIMMINS A","6078286","2022-03-14","2022","03","14","","-2.2","","-19.5","","-10.9","","28.9","","0.0","","","M","","M","","M","","","27","","35",""
"-81.38","48.57","TIMMINS A","6078286","2022-03-15","2022","03","15","","0.1","","-23.8","","-11.9","","29.9","","0.0","","","M","","M","","M","","","18","","36",""
"-81.38","48.57","TIMMINS A","6078286","2022-03-16","2022","03","16","","3.4","","-10.9","","-3.8","","21.8","","0.0","","","M","","M","","M","","","17","","35",""
"-81.38","48.57","TIMMINS A","6078286","2022-03-17","2022","03","17","","6.7","","-1.7","","2.5","","15.5","","0.0","","","M","","M","","M","","","","M","","M"
"-81.38","48.57","TIMMINS A","6078286","2022-03-18","2022","03","18","","4.3","","-4.8","","-0.3","","18.3","","0.0","","0.0","","0.0","","0.0","","","","","M","","M"
"-81.38","48.57","TIMMINS A","6078286","2022-03-19","2022","03","19","","3.6","","-2.0","","0.8","","17.2","","0.0","","7.8","","0.0","","7.8","","","","","M","","M"
"-81.38","48.57","TIMMINS A","6078286","2022-03-20","2022","03","20","","7.8","","-3.9","","2.0","","16.0","","0.0","","0.4","","0.0","","0.4","","","","31","","48",""
"-81.38","48.57","TIMMINS A","6078286","2022-03-21","2022","03","21","","1.0","","-10.8","","-4.9","","22.9","","0.0","","0.0","","0.0","","0.0","","","","30","","44",""
"-81.38","48.57","TIMMINS A","6078286","2022-03-22","2022","03","22","","2.9","","-16.3","","-6.7","","24.7","","0.0","","0.0","","0.0","","0.0","","","","","M","","M"
"-81.38","48.57","TIMMINS A","6078286","2022-03-23","2022","03","23","","2.1","","-4.7","","-1.3","","19.3","","0.0","","0.0","","0.0","","0.0","","","","9","","43",""
"-81.38","48.57","TIMMINS A","6078286","2022-03-24","2022","03","24","","1.6","","-1.8","","-0.1","","18.1","","0.0","","2.8","","0.0","","2.8","","","","11","","41",""
"-81.38","48.57","TIMMINS A","6078286","2022-03-25","2022","03","25","","1.3","","-1.7","","-0.2","","18.2","","0.0","","0.6","","0.0","","0.6","","","","","M","","M"
"-81.38","48.57","TIMMINS A","6078286","2022-03-26","2022","03","26","","-1.6","","-16.7","","-9.2","","27.2","","0.0","","0.7","","0.6","","1.3","","","","32","","56",""
"-81.38","48.57","TIMMINS A","6078286","2022-03-27","2022","03","27","","-11.9","","-19.1","","-15.5","","33.5","","0.0","","","M","","M","","M","","","31","","53",""
"-81.38","48.57","TIMMINS A","6078286","2022-03-28","2022","03","28","","-6.5","","-22.0","","-14.3","","32.3","","0.0","","","M","","M","","M","","","31","","44",""
"-81.38","48.57","TIMMINS A","6078286","2022-03-29","2022","03","29","","1.1","","-21.4","","-10.2","","28.2","","0.0","","0.0","","0.0","","0.0","","","","28","","33",""
"-81.38","48.57","TIMMINS A","6078286","2022-03-30","2022","03","30","","0.1","","-9.2","","-4.6","","22.6","","0.0","","5.1","","0.0","","5.1","","","","16","","51",""
"-81.38","48.57","TIMMINS A","6078286","2022-03-31","2022","03","31","","-1.6","","-6.1","","-3.9","","21.9","","0.0","","","M","","M","","M","","","34","","55",""
"-81.38","48.57","TIMMINS A","6078286","2022-04-01","2022","04","01","","-0.8","","-12.1","","-6.5","","24.5","","0.0","","","M","","M","","M","","","31","","42",""
"-81.38","48.57","TIMMINS A","6078286","2022-04-02","2022","04","02","","4.3","","-12.3","","-4.0","","22.0","","0.0","","1.4","","0.0","","1.4","","","","18","","37",""
"-81.38","48.57","TIMMINS A","6078286","2022-04-03","2022","04","03","","5.2","","-2.4","","1.4","","16.6","","0.0","","0.7","","0.0","T","0.7","","","","","M","","M"
"-81.38","48.57","TIMMINS A","6078286","2022-04-04","2022","04","04","","6.4","","-5.6","","0.4","","17.6","","0.0","","0.0","","0.0","","0.0","","","","","M","","M"
"-81.38","48.57","TIMMINS A","6078286","2022-04-05","2022","04","05","","8.8","","-1.7","","3.6","","14.4","","0.0","","0.0","","0.0","","0.0","","","","9","","34",""
"-81.38","48.57","TIMMINS A","6078286","2022-04-06","2022","04","06","","9.6","","-1.3","","4.2","","13.8","","0.0","","6.6","","0.0","","6.6","","","","9","","56",""
"-81.38","48.57","TIMMINS A","6078286","2022-04-07","2022","04","07","","4.9","","0.4","","2.7","","15.3","","0.0","","9.1","","0.0","","9.1","","","","7","","42",""
"-81.38","48.57","TIMMINS A","6078286","2022-04-08","2022","04","08","","2.7","","-3.8","","-0.6","","18.6","","0.0","","0.6","","0.0","","0.6","","","","","M","","M"
"-81.38","48.57","TIMMINS A","6078286","2022-04-09","2022","04","09","","-1.0","","-4.5","","-2.8","","20.8","","0.0","","0.9","","0.5","","1.4","","","","31","","35",""
"-81.38","48.57","TIMMINS A","6078286","2022-04-10","2022","04","10","","7.7","","-3.1","","2.3","","15.7","","0.0","","0.0","","0.0","","0.0","","","","29","","33",""
"-81.38","48.57","TIMMINS A","6078286","2022-04-11","2022","04","11","","9.9","","-1.0","","4.5","","13.5","","0.0","","0.0","","0.0","","0.0","","","","17","","66",""
"-81.38","48.57","TIMMINS A","6078286","2022-04-12","2022","04","12","","11.3","","-0.9","","5.2","","12.8","","0.0","","0.0","","0.0","","0.0","","","","27","","62",""
"-81.38","48.57","TIMMINS A","6078286","2022-04-13","2022","04","13","","2.9","","-3.5","","-0.3","","18.3","","0.0","","2.4","","0.0","","2.4","","","","6","","36",""
"-81.38","48.57","TIMMINS A","6078286","2022-04-14","2022","04","14","","7.2","","-0.9","","3.2","","14.8","","0.0","","11.1","","0.0","","11.1","","","","24","","58",""
"-81.38","48.57","TIMMINS A","6078286","2022-04-15","2022","04","15","","3.2","","-2.8","","0.2","","17.8","","0.0","","0.6","","0.0","","0.6","","","","27","","46",""
"-81.38","48.57","TIMMINS A","6078286","2022-04-16","2022","04","16","","-0.2","","-5.4","","-2.8","","20.8","","0.0","","0.0","","0.0","","0.0","","","","27","","40",""
"-81.38","48.57","TIMMINS A","6078286","2022-04-17","2022","04","17","","3.1","","-5.6","","-1.3","","19.3","","0.0","","0.0","","0.0","","0.0","","","","32","","36",""
"-81.38","48.57","TIMMINS A","6078286","2022-04-18","2022","04","18","","","M","","M","","M","","M","","M","0.3","","0.0","","0.3","","","","","M","","M"
"-81.38","48.57","TIMMINS A","6078286","2022-04-19","2022","04","19","","3.6","","-3.8","","-0.1","","18.1","","0.0","","0.8","","0.0","","0.8","","","","34","","61",""
"-81.38","48.57","TIMMINS A","6078286","2022-04-20","2022","04","20","","6.6","","-7.6","","-0.5","","18.5","","0.0","","","M","","M","","M","","","16","","50",""
"-81.38","48.57","TIMMINS A","6078286","2022-04-21","2022","04","21","","5.0","","-0.3","","2.4","","15.6","","0.0","","6.3","","0.0","","6.3","","","","16","","48",""
"-81.38","48.57","TIMMINS A","6078286","2022-04-22","2022","04","22","","7.1","","-3.3","","1.9","","16.1","","0.0","","0.5","","0.0","","0.5","","","","33","","44",""
"-81.38","48.57","TIMMINS A","6078286","2022-04-23","2022","04","23","","7.3","","-0.2","","3.6","","14.4","","0.0","","","M","","M","","M","","","10","","39",""
"-81.38","48.57","TIMMINS A","6078286","2022-04-24","2022","04","24","","14.8","","4.1","","9.5","","8.5","","0.0","","4.9","","0.0","","4.9","","","","16","","46",""
"-81.38","48.57","TIMMINS A","6078286","2022-04-25","2022","04","25","","11.2","","-2.1","","4.6","","13.4","","0.0","","0.7","","0.0","T","0.7","","","","32","","33",""
"-81.38","48.57","TIMMINS A","6078286","2022-04-26","2022","04","26","","-2.1","","-9.2","","-5.7","","23.7","","0.0","","1.5","","2.0","","1.7","","","","","M","","M"
"-81.38","48.57","TIMMINS A","6078286","2022-04-27","2022","04","27","","","M","","M","","M","","M","","M","","M","","","","M","","","","","",""
"-81.38","48.57","TIMMINS A","6078286","2022-04-28","2022","04","28","","10.4","","-11.2","","-0.4","","18.4","","0.0","","0.0","","0.0","","0.0","","","","","M","","M"
"-81.38","48.57","TIMMINS A","6078286","2022-04-29","2022","04","29","","13.8","","-7.4","","3.2","","14.8","","0.0","","0.0","","0.0","","0.0","","","","","M","","M"
"-81.38","48.57","TIMMINS A","6078286","2022-04-30","2022","04","30","","","M","","M","","M","","M","","M","0.0","","0.0","","0.0","","","","10","","33",""
"-81.38","48.57","TIMMINS A","6078286","2022-05-01","2022","05","01","","18.6","","1.0","","9.8","","8.2","","0.0","","","M","","M","","M","","","11","","49",""
"-81.38","48.57","TIMMINS A","6078286","2022-05-02","2022","05","02","","10.7","","7.1","","8.9","","9.1","","0.0","","3.1","","0.0","","3.1","","","","","M","","M"
"-81.38","48.57","TIMMINS A","6078286","2022-05-03","2022","05","03","","7.1","","0.8","","4.0","","14.0","","0.0","","0.0","T","0.0","","0.0","T","","","","M","","M"
"-81.38","48.57","TIMMINS A","6078286","2022-05-04","2022","05","04","","12.1","","-2.7","","4.7","","13.3","","0.0","","0.2","","0.0","","0.2","","","","34","","36",""
"-81.38","48.57","TIMMINS A","6078286","2022-05-05","2022","05","05","","15.1","","-4.2","","5.5","","12.5","","0.0","","0.0","","0.0","","0.0","","","","4","","31",""
"-81.38","48.57","TIMMINS A","6078286","2022-05-06","2022","05","06","","13.2","","-3.0","","5.1","","12.9","","0.0","","0.0","","0.0","","0.0","","","","","M","","M"
"-81.38","48.57","TIMMINS A","6078286","2022-05-07","2022","05","07","","15.6","","-4.9","","5.4","","12.6","","0.0","","0.0","","0.0","","0.0","","","","10","","33",""
"-81.38","48.57","TIMMINS A","6078286","2022-05-08","2022","05","08","","22.0","","-2.2","","9.9","","8.1","","0.0","","0.0","","0.0","","0.0","","","","13","","43",""
"-81.38","48.57","TIMMINS A","6078286","2022-05-09","2022","05","09","","23.7","","4.1","","13.9","","4.1","","0.0","","0.0","","0.0","","0.0","","","","14","","49",""
"-81.38","48.57","TIMMINS A","6078286","2022-05-10","2022","05","10","","27.3","","12.1","","19.7","","0.0","","1.7","","1.4","","0.0","","1.4","","","","19","","62",""
"-81.38","48.57","TIMMINS A","6078286","2022-05-11","2022","05","11","","26.1","","11.4","","18.8","","0.0","","0.8","","11.4","","0.0","","11.4","","","","","M","","M"
"-81.38","48.57","TIMMINS A","6078286","2022-05-12","2022","05","12","","21.3","","11.0","","16.2","","1.8","","0.0","","5.4","","0.0","","5.4","","","","9","","35",""
"-81.38","48.57","TIMMINS A","6078286","2022-05-13","2022","05","13","","31.3","","13.0","","22.2","","0.0","","4.2","","0.3","","0.0","","0.3","","","","17","","41",""
"-81.38","48.57","TIMMINS A","6078286","2022-05-14","2022","05","14","","32.1","","12.2","","22.2","","0.0","","4.2","","3.2","","0.0","","3.2","","","","28","","49",""
"-81.38","48.57","TIMMINS A","6078286","2022-05-15","2022","05","15","","25.3","","9.2","","17.3","","0.7","","0.0","","0.6","","0.0","","0.6","","","","27","","46",""
"-81.38","48.57","TIMMINS A","6078286","2022-05-16","2022","05","16","","18.8","","4.3","","11.6","","6.4","","0.0","","5.5","","0.0","","5.5","","","","28","","40",""
"-81.38","48.57","TIMMINS A","6078286","2022-05-17","2022","05","17","","14.7","","-1.1","","6.8","","11.2","","0.0","","1.6","","0.0","","1.6","","","","35","","54",""
"-81.38","48.57","TIMMINS A","6078286","2022-05-18","2022","05","18","","17.8","","-2.3","","7.8","","10.2","","0.0","","0.2","","0.0","","0.2","","","","21","","40",""
"-81.38","48.57","TIMMINS A","6078286","2022-05-19","2022","05","19","","16.8","","7.9","","12.4","","5.6","","0.0","","1.5","","0.0","","1.5","","","","16","","34",""
"-81.38","48.57","TIMMINS A","6078286","2022-05-20","2022","05","20","","19.2","","9.1","","14.2","","3.8","","0.0","","20.4","","0.0","","20.4","","","","18","","54",""
"-81.38","48.57","TIMMINS A","6078286","2022-05-21","2022","05","21","","9.8","","4.0","","6.9","","11.1","","0.0","","0.7","","0.0","","0.7","","","","34","","33",""
"-81.38","48.57","TIMMINS A","6078286","2022-05-22","2022","05","22","","9.4","","3.3","","6.4","","11.6","","0.0","","3.0","","0.0","","3.0","","","","","M","","M"
"-81.38","48.57","TIMMINS A","6078286","2022-05-23","2022","05","23","","16.8","","1.8","","9.3","","8.7","","0.0","","0.3","","0.0","","0.3","","","","","M","","M"
"-81.38","48.57","TIMMINS A","6078286","2022-05-24","2022","05","24","","20.7","","2.8","","11.8","","6.2","","0.0","","0.0","","0.0","","0.0","","","","20","","39",""
"-81.38","48.57","TIMMINS A","6078286","2022-05-25","2022","05","25","","21.4","","3.7","","12.6","","5.4","","0.0","","3.4","","0.0","","3.4","","","","15","","41",""
"-81.38","48.57","TIMMINS A","6078286","2022-05-26","2022","05","26","","13.8","","9.8","","11.8","","6.2","","0.0","","18.7","","0.0","","18.7","","","","10","","40",""
"-81.38","48.57","TIMMINS A","6078286","2022-05-27","2022","05","27","","13.4","","7.7","","10.6","","7.4","","0.0","","0.8","","0.0","","0.8","","","","","M","","M"
"-81.38","48.57","TIMMINS A","6078286","2022-05-28","2022","05","28","","22.3","","6.3","","14.3","","3.7","","0.0","","3.3","","0.0","","3.3","","","","28","","39",""
"-81.38","48.57","TIMMINS A","6078286","2022-05-29","2022","05","29","","24.4","","9.3","","16.9","","1.1","","0.0","","4.3","","0.0","","4.3","","","","","M","","M"
"-81.38","48.57","TIMMINS A","6078286","2022-05-30","2022","05","30","","27.1","","14.0","","20.6","","0.0","","2.6","","0.5","","0.0","","0.5","","","","17","","32",""
"-81.38","48.57","TIMMINS A","6078286","2022-05-31","2022","05","31","","32.0","","12.6","","22.3","","0.0","","4.3","","0.2","","0.0","","0.2","","","","16","","42",""
"-81.38","48.57","TIMMINS A","6078286","2022-06-01","2022","06","01","","21.8","","6.4","","14.1","","3.9","","0.0","","0.0","T","0.0","","0.0","T","","","21","","40",""
"-81.38","48.57","TIMMINS A","6078286","2022-06-02","2022","06","02","","21.2","","3.7","","12.5","","5.5","","0.0","","0.0","","0.0","","0.0","","","","","M","","M"
"-81.38","48.57","TIMMINS A","6078286","2022-06-03","2022","06","03","","18.8","","3.8","","11.3","","6.7","","0.0","","7.0","","0.0","","7.0","","","","28","","38",""
"-81.38","48.57","TIMMINS A","6078286","2022-06-04","2022","06","04","","14.2","","6.2","","10.2","","7.8","","0.0","","6.1","","0.0","","6.1","","","","30","","39",""
"-81.38","48.57","TIMMINS A","6078286","2022-06-05","2022","06","05","","20.6","","2.9","","11.8","","6.2","","0.0","","0.6","","0.0","","0.6","","","","","M","","M"
"-81.38","48.57","TIMMINS A","6078286","2022-06-06","2022","06","06","","21.9","","8.8","","15.4","","2.6","","0.0","","3.1","","0.0","","3.1","","","","16","","42",""
"-81.38","48.57","TIMMINS A","6078286","2022-06-07","2022","06","07","","18.8","","8.7","","13.8","","4.2","","0.0","","1.5","","0.0","","1.5","","","","34","","37",""
"-81.38","48.57","TIMMINS A","6078286","2022-06-08","2022","06","08","","21.8","","6.3","","14.1","","3.9","","0.0","","5.1","","0.0","","5.1","","","","29","","48",""
"-81.38","48.57","TIMMINS A","6078286","2022-06-09","2022","06","09","","20.9","","9.1","","15.0","","3.0","","0.0","","3.7","","0.0","","3.7","","","","35","","37",""
"-81.38","48.57","TIMMINS A","6078286","2022-06-10","2022","06","10","","20.2","","6.2","","13.2","","4.8","","0.0","","0.6","","0.0","","0.6","","","","29","","31",""
"-81.38","48.57","TIMMINS A","6078286","2022-06-11","2022","06","11","","21.3","","5.5","","13.4","","4.6","","0.0","","19.3","","0.0","","19.3","","","","18","","40",""
"-81.38","48.57","TIMMINS A","6078286","2022-06-12","2022","06","12","","15.3","","6.9","","11.1","","6.9","","0.0","","0.5","","0.0","","0.5","","","","34","","34",""
"-81.38","48.57","TIMMINS A","6078286","2022-06-13","2022","06","13","","24.4","","9.5","","17.0","","1.0","","0.0","","0.7","","0.0","","0.7","","","","36","","33",""
"-81.38","48.57","TIMMINS A","6078286","2022-06-14","2022","06","14","","28.0","","7.3","","17.7","","0.3","","0.0","","0.4","","0.0","","0.4","","","","","M","","M"
"-81.38","48.57","TIMMINS A","6078286","2022-06-15","2022","06","15","","23.8","","15.4","","19.6","","0.0","","1.6","","9.9","","0.0","","9.9","","","","13","","65",""
"-81.38","48.57","TIMMINS A","6078286","2022-06-16","2022","06","16","","27.8","","15.7","","21.8","","0.0","","3.8","","0.6","","0.0","","0.6","","","","20","","57",""
"-81.38","48.57","TIMMINS A","6078286","2022-06-17","2022","06","17","","15.7","","5.9","","10.8","","7.2","","0.0","","0.2","","0.0","","0.2","","","","32","","78",""
"-81.38","48.57","TIMMINS A","6078286","2022-06-18","2022","06","18","","18.7","","3.8","","11.3","","6.7","","0.0","","0.0","","0.0","","0.0","","","","34","","53",""
"-81.38","48.57","TIMMINS A","6078286","2022-06-19","2022","06","19","","18.2","","0.0","","9.1","","8.9","","0.0","","0.0","","0.0","","0.0","","","","","M","","M"
"-81.38","48.57","TIMMINS A","6078286","2022-06-20","2022","06","20","","19.8","","9.1","","14.5","","3.5","","0.0","","0.0","","0.0","","0.0","","","","17","","43",""
"-81.38","48.57","TIMMINS A","6078286","2022-06-21","2022","06","21","","32.5","","16.6","","24.6","","0.0","","6.6","","0.2","","0.0","","0.2","","","","19","","42",""
"-81.38","48.57","TIMMINS A","6078286","2022-06-22","2022","06","22","","24.1","","7.5","","15.8","","2.2","","0.0","","0.0","","0.0","","0.0","","","","31","","43",""
"-81.38","48.57","TIMMINS A","6078286","2022-06-23","2022","06","23","","28.0","","6.1","","17.1","","0.9","","0.0","","0.0","T","0.0","","0.0","T","","","23","","36",""
"-81.38","48.57","TIMMINS A","6078286","2022-06-24","2022","06","24","","25.9","","15.1","","20.5","","0.0","","2.5","","0.9","","0.0","","0.9","","","","","M","","M"
"-81.38","48.57","TIMMINS A","6078286","2022-06-25","2022","06","25","","29.9","","14.6","","22.3","","0.0","","4.3","","1.2","","0.0","","1.2","","","","13","","46",""
"-81.38","48.57","TIMMINS A","6078286","2022-06-26","2022","06","26","","27.2","","12.9","","20.1","","0.0","","2.1","","0.0","","0.0","","0.0","","","","28","","63",""
"-81.38","48.57","TIMMINS A","6078286","2022-06-27","2022","06","27","","19.0","","8.3","","13.7","","4.3","","0.0","","1.2","","0.0","","1.2","","","","31","","48",""
"-81.38","48.57","TIMMINS A","6078286","2022-06-28","2022","06","28","","21.7","","8.4","","15.1","","2.9","","0.0","","11.5","","0.0","","11.5","","","","27","","46",""
"-81.38","48.57","TIMMINS A","6078286","2022-06-29","2022","06","29","","20.6","","3.1","","11.9","","6.1","","0.0","","0.9","","0.0","","0.9","","","","30","","31",""
"-81.38","48.57","TIMMINS A","6078286","2022-06-30","2022","06","30","","21.1","","7.0","","14.1","","3.9","","0.0","","10.7","","0.0","","10.7","","","","18","","50",""
"-81.38","48.57","TIMMINS A","6078286","2022-07-01","2022","07","01","","21.9","","8.0","","15.0","","3.0","","0.0","","0.7","","0.0","","0.7","","","","27","","44",""
"-81.38","48.57","TIMMINS A","6078286","2022-07-02","2022","07","02","","18.9","","10.3","","14.6","","3.4","","0.0","","0.2","","0.0","","0.2","","","","28","","44",""
"-81.38","48.57","TIMMINS A","6078286","2022-07-03","2022","07","03","","22.0","","6.8","","14.4","","3.6","","0.0","","0.3","","0.0","","0.3","","","","1","","40",""
"-81.38","48.57","TIMMINS A","6078286","2022-07-04","2022","07","04","","25.8","","5.5","","15.7","","2.3","","0.0","","0.0","T","0.0","","0.0","T","","","","M","","M"
"-81.38","48.57","TIMMINS A","6078286","2022-07-05","2022","07","05","","18.4","","9.6","","14.0","","4.0","","0.0","","7.8","","0.0","","7.8","","","","36","","34",""
"-81.38","48.57","TIMMINS A","6078286","2022-07-06","2022","07","06","","20.7","","6.1","","13.4","","4.6","","0.0","","0.2","","0.0","","0.2","","","","","M","","M"
"-81.38","48.57","TIMMINS A","6078286","2022-07-07","2022","07","07","","22.5","","5.4","","14.0","","4.0","","0.0","","0.2","","0.0","","0.2","","","","1","","41",""
"-81.38","48.57","TIMMINS A","6078286","2022-07-08","2022","07","08","","19.6","","7.0","","13.3","","4.7","","0.0","","0.2","","0.0","","0.2","","","","32","","39",""
"-81.38","48.57","TIMMINS A","6078286","2022-07-09","2022","07","09","","27.1","","5.5","","16.3","","1.7","","0.0","","0.0","T","0.0","","0.0","T","","","1","","36",""
"-81.38","48.57","TIMMINS A","6078286","2022-07-10","2022","07","10","","26.3","","9.8","","18.1","","0.0","","0.1","","2.1","","0.0","","2.1","","","","23","","46",""
"-81.38","48.57","TIMMINS A","6078286","2022-07-11","2022","07","11","","25.2","","11.2","","18.2","","0.0","","0.2","","6.0","","0.0","","6.0","","","","27","","37",""
"-81.38","48.57","TIMMINS A","6078286","2022-07-12","2022","07","12","","22.2","","10.4","","16.3","","1.7","","0.0","","3.1","","0.0","","3.1","","","","30","","38",""
"-81.38","48.57","TIMMINS A","6078286","2022-07-13","2022","07","13","","23.3","","6.9","","15.1","","2.9","","0.0","","0.2","","0.0","","0.2","","","","1","","55",""
"-81.38","48.57","TIMMINS A","6078286","2022-07-14","2022","07","14","","23.8","","7.4","","15.6","","2.4","","0.0","","0.2","","0.0","","0.2","","","","","M","","M"
"-81.38","48.57","TIMMINS A","6078286","2022-07-15","2022","07","15","","24.7","","6.1","","15.4","","2.6","","0.0","","0.0","T","0.0","","0.0","T","","","20","","37",""
"-81.38","48.57","TIMMINS A","6078286","2022-07-16","2022","07","16","","27.6","","11.0","","19.3","","0.0","","1.3","","0.5","","0.0","","0.5","","","","28","","37",""
"-81.38","48.57","TIMMINS A","6078286","2022-07-17","2022","07","17","","30.4","","11.4","","20.9","","0.0","","2.9","","0.4","","0.0","","0.4","","","","","M","","M"
"-81.38","48.57","TIMMINS A","6078286","2022-07-18","2022","07","18","","30.9","","13.5","","22.2","","0.0","","4.2","","2.2","","0.0","","2.2","","","","31","","76",""
"-81.38","48.57","TIMMINS A","6078286","2022-07-19","2022","07","19","","26.2","","13.9","","20.1","","0.0","","2.1","","2.0","","0.0","","2.0","","","","29","","31",""
"-81.38","48.57","TIMMINS A","6078286","2022-07-20","2022","07","20","","25.6","","18.0","","21.8","","0.0","","3.8","","5.9","","0.0","","5.9","","","","14","","41",""
"-81.38","48.57","TIMMINS A","6078286","2022-07-21","2022","07","21","","22.3","","14.3","","18.3","","0.0","","0.3","","11.2","","0.0","","11.2","","","","30","","48",""
"-81.38","48.57","TIMMINS A","6078286","2022-07-22","2022","07","22","","27.4","","12.2","","19.8","","0.0","","1.8","","9.8","","0.0","","9.8","","","","28","","62",""
"-81.38","48.57","TIMMINS A","6078286","2022-07-23","2022","07","23","","26.7","","14.8","","20.8","","0.0","","2.8","","1.1","","0.0","","1.1","","","","28","","33",""
"-81.38","48.57","TIMMINS A","6078286","2022-07-24","2022","07","24","","26.1","","12.7","","19.4","","0.0","","1.4","","9.5","","0.0","","9.5","","","","33","","49",""
"-81.38","48.57","TIMMINS A","6078286","2022-07-25","2022","07","25","","20.1","","11.5","","15.8","","2.2","","0.0","","3.7","","0.0","","3.7","","","","29","","42",""
"-81.38","48.57","TIMMINS A","6078286","2022-07-26","2022","07","26","","25.6","","8.6","","17.1","","0.9","","0.0","","0.7","","0.0","","0.7","","","","29","","38",""
"-81.38","48.57","TIMMINS A","6078286","2022-07-27","2022","07","27","","24.6","","12.9","","18.8","","0.0","","0.8","","0.4","","0.0","","0.4","","","","19","","37",""
"-81.38","48.57","TIMMINS A","6078286","2022-07-28","2022","07","28","","22.4","","10.4","","16.4","","1.6","","0.0","","16.9","","0.0","","16.9","","","","","M","","M"
"-81.38","48.57","TIMMINS A","6078286","2022-07-29","2022","07","29","","18.8","","13.5","","16.2","","1.8","","0.0","","4.2","","0.0","","4.2","","","","32","","46",""
"-81.38","48.57","TIMMINS A","6078286","2022-07-30","2022","07","30","","","M","","M","","M","","M","","M","0.6","","0.0","","0.6","","","","28","","34",""
"-81.38","48.57","TIMMINS A","6078286","2022-07-31","2022","07","31","","29.1","","13.5","","21.3","","0.0","","3.3","","0.0","T","0.0","","0.0","T","","","21","","35",""
"-81.38","48.57","TIMMINS A","6078286","2022-08-01","2022","08","01","","22.8","","10.9","","16.9","","1.1","","0.0","","11.9","","0.0","","11.9","","","","33","","43",""
"-81.38","48.57","TIMMINS A","6078286","2022-08-02","2022","08","02","","21.9","","7.9","","14.9","","3.1","","0.0","","0.8","","0.0","","0.8","","","","","M","","M"
"-81.38","48.57","TIMMINS A","6078286","2022-08-03","2022","08","03","","25.9","","14.8","","20.4","","0.0","","2.4","","5.7","","0.0","","5.7","","","","18","","50",""
"-81.38","48.57","TIMMINS A","6078286","2022-08-04","2022","08","04","","21.0","","9.2","","15.1","","2.9","","0.0","","2.7","","0.0","","2.7","","","","","M","","M"
"-81.38","48.57","TIMMINS A","6078286","2022-08-05","2022","08","05","","25.8","","8.5","","17.2","","0.8","","0.0","","0.0","T","0.0","","0.0","T","","","17","","39",""
"-81.38","48.57","TIMMINS A","6078286","2022-08-06","2022","08","06","","26.8","","16.9","","21.9","","0.0","","3.9","","1.5","","0.0","","1.5","","","","21","","58",""
"-81.38","48.57","TIMMINS A","6078286","2022-08-07","2022","08","07","","18.6","","9.7","","14.2","","3.8","","0.0","","0.0","","0.0","","0.0","","","","35","","36",""
"-81.38","48.57","TIMMINS A","6078286","2022-08-08","2022","08","08","","19.3","","5.7","","12.5","","5.5","","0.0","","0.8","","0.0","","0.8","","","","5","","37",""
"-81.38","48.57","TIMMINS A","6078286","2022-08-09","2022","08","09","","24.9","","2.7","","13.8","","4.2","","0.0","","0.0","T","0.0","","0.0","T","","","19","","34",""
"-81.38","48.57","TIMMINS A","6078286","2022-08-10","2022","08","10","","25.5","","12.9","","19.2","","0.0","","1.2","","0.0","","0.0","","0.0","","","","28","","48",""
"-81.38","48.57","TIMMINS A","6078286","2022-08-11","2022","08","11","","22.1","","6.4","","14.3","","3.7","","0.0","","0.0","T","0.0","","0.0","T","","","32","","48",""
"-81.38","48.57","TIMMINS A","6078286","2022-08-12","2022","08","12","","25.0","","2.8","","13.9","","4.1","","0.0","","0.0","","0.0","","0.0","","","","","M","","M"
"-81.38","48.57","TIMMINS A","6078286","2022-08-13","2022","08","13","","25.2","","6.5","","15.9","","2.1","","0.0","","0.0","T","0.0","","0.0","T","","","","M","","M"
"-81.38","48.57","TIMMINS A","6078286","2022-08-14","2022","08","14","","22.6","","8.1","","15.4","","2.6","","0.0","","0.0","T","0.0","","0.0","T","","","","M","","M"
"-81.38","48.57","TIMMINS A","6078286","2022-08-15","2022","08","15","","24.3","","11.8","","18.1","","0.0","","0.1","","0.2","","0.0","","0.2","","","","","M","","M"
"-81.38","48.57","TIMMINS A","6078286","2022-08-16","2022","08","16","","27.1","","7.7","","17.4","","0.6","","0.0","","0.0","T","0.0","","0.0","T","","","10","","33",""
"-81.38","48.57","TIMMINS A","6078286","2022-08-17","2022","08","17","","28.4","","9.0","","18.7","","0.0","","0.7","","0.0","T","0.0","","0.0","T","","","","M","","M"
"-81.38","48.57","TIMMINS A","6078286","2022-08-18","2022","08","18","","28.5","","9.7","","19.1","","0.0","","1.1","","5.5","","0.0","","5.5","","","","12","","32",""
"-81.38","48.57","TIMMINS A","6078286","2022-08-19","2022","08","19","","23.9","","15.4","","19.7","","0.0","","1.7","","29.0","","0.0","","29.0","","","","34","","40",""
"-81.38","48.57","TIMMINS A","6078286","2022-08-20","2022","08","20","","18.9","","15.9","","17.4","","0.6","","0.0","","40.4","","0.0","","40.4","","","","32","","35",""
"-81.38","48.57","TIMMINS A","6078286","2022-08-21","2022","08","21","","23.5","","9.9","","16.7","","1.3","","0.0","","0.7","","0.0","","0.7","","","","","M","","M"
"-81.38","48.57","TIMMINS A","6078286","2022-08-22","2022","08","22","","26.5","","7.3","","16.9","","1.1","","0.0","","0.5","","0.0","","0.5","","","","","M","","M"
"-81.38","48.57","TIMMINS A","6078286","2022-08-23","2022","08","23","","22.7","","11.5","","17.1","","0.9","","0.0","","0.0","","0.0","","0.0","","","","","M","","M"
"-81.38","48.57","TIMMINS A","6078286","2022-08-24","2022","08","24","","20.8","","10.9","","15.9","","2.1","","0.0","","0.0","","0.0","","0.0","","","","","M","","M"
"-81.38","48.57","TIMMINS A","6078286","2022-08-25","2022","08","25","","14.4","","8.4","","11.4","","6.6","","0.0","","2.4","","0.0","","2.4","","","","","M","","M"
"-81.38","48.57","TIMMINS A","6078286","2022-08-26","2022","08","26","","19.2","","6.2","","12.7","","5.3","","0.0","","0.7","","0.0","","0.7","","","","","M","","M"
"-81.38","48.57","TIMMINS A","6078286","2022-08-27","2022","08","27","","26.4","","9.3","","17.9","","0.1","","0.0","","0.2","","0.0","","0.2","","","","21","","31",""
"-81.38","48.57","TIMMINS A","6078286","2022-08-28","2022","08","28","","25.4","","15.1","","20.3","","0.0","","2.3","","0.4","","0.0","","0.4","","","","19","","37",""
"-81.38","48.57","TIMMINS A","6078286","2022-08-29","2022","08","29","","27.4","","16.5","","22.0","","0.0","","4.0","","29.9","","0.0","","29.9","","","","31","","74",""
"-81.38","48.57","TIMMINS A","6078286","2022-08-30","2022","08","30","","20.8","","8.6","","14.7","","3.3","","0.0","","2.7","","0.0","","2.7","","","","31","","55",""
"-81.38","48.57","TIMMINS A","6078286","2022-08-31","2022","08","31","","13.2","","6.6","","9.9","","8.1","","0.0","","2.7","","0.0","","2.7","","","","33","","42",""
"-81.38","48.57","TIMMINS A","6078286","2022-09-01","2022","09","01","","17.5","","5.2","","11.4","","6.6","","0.0","","0.5","","0.0","","0.5","","","","27","","32",""
"-81.38","48.57","TIMMINS A","6078286","2022-09-02","2022","09","02","","28.2","","10.6","","19.4","","0.0","","1.4","","0.9","","0.0","","0.9","","","","18","","52",""
"-81.38","48.57","TIMMINS A","6078286","2022-09-03","2022","09","03","","20.1","","6.2","","13.2","","4.8","","0.0","","4.5","","0.0","","4.5","","","","32","","40",""
"-81.38","48.57","TIMMINS A","6078286","2022-09-04","2022","09","04","","18.2","","1.2","","9.7","","8.3","","0.0","","0.0","","0.0","","0.0","","","","7","","32",""
"-81.38","48.57","TIMMINS A","6078286","2022-09-05","2022","09","05","","21.7","","0.7","","11.2","","6.8","","0.0","","0.0","","0.0","","0.0","","","","","M","","M"
"-81.38","48.57","TIMMINS A","6078286","2022-09-06","2022","09","06","","24.0","","3.7","","13.9","","4.1","","0.0","","0.0","","0.0","","0.0","","","","","M","","M"
"-81.38","48.57","TIMMINS A","6078286","2022-09-07","2022","09","07","","25.1","","4.4","","14.8","","3.2","","0.0","","0.3","","0.0","","0.3","","","","","M","","M"
"-81.38","48.57","TIMMINS A","6078286","2022-09-08","2022","09","08","","25.1","","3.6","","14.4","","3.6","","0.0","","0.0","T","0.0","","0.0","T","","","18","","37",""
"-81.38","48.57","TIMMINS A","6078286","2022-09-09","2022","09","09","","27.5","","15.9","","21.7","","0.0","","3.7","","0.0","","0.0","","0.0","","","","18","","39",""
"-81.38","48.57","TIMMINS A","6078286","2022-09-10","2022","09","10","","21.1","","13.3","","17.2","","0.8","","0.0","","2.6","","0.0","","2.6","","","","","M","","M"
"-81.38","48.57","TIMMINS A","6078286","2022-09-11","2022","09","11","","18.7","","8.8","","13.8","","4.2","","0.0","","13.4","","0.0","","13.4","","","","","M","","M"
"-81.38","48.57","TIMMINS A","6078286","2022-09-12","2022","09","12","","19.3","","10.0","","14.7","","3.3","","0.0","","0.3","","0.0","","0.3","","","","","M","","M"
"-81.38","48.57","TIMMINS A","6078286","2022-09-13","2022","09","13","","23.3","","10.1","","16.7","","1.3","","0.0","","0.0","T","0.0","","0.0","T","","","34","","45",""
"-81.38","48.57","TIMMINS A","6078286","2022-09-14","2022","09","14","","13.6","","5.5","","9.6","","8.4","","0.0","","0.0","T","0.0","","0.0","T","","","33","","42",""
"-81.38","48.57","TIMMINS A","6078286","2022-09-15","2022","09","15","","9.1","","-0.4","","4.4","","13.6","","0.0","","5.7","","0.0","","5.7","","","","","M","","M"
"-81.38","48.57","TIMMINS A","6078286","2022-09-16","2022","09","16","","12.9","","5.2","","9.1","","8.9","","0.0","","0.0","T","0.0","","0.0","T","","","","M","","M"
"-81.38","48.57","TIMMINS A","6078286","2022-09-17","2022","09","17","","13.2","","9.0","","11.1","","6.9","","0.0","","37.9","","0.0","","37.9","","","","","M","","M"
"-81.38","48.57","TIMMINS A","6078286","2022-09-18","2022","09","18","","12.4","","11.1","","11.8","","6.2","","0.0","","15.0","","0.0","","15.0","","","","","M","","M"
"-81.38","48.57","TIMMINS A","6078286","2022-09-19","2022","09","19","","15.5","","11.6","","13.6","","4.4","","0.0","","7.1","","0.0","","7.1","","","","","M","","M"
"-81.38","48.57","TIMMINS A","6078286","2022-09-20","2022","09","20","","21.9","","11.9","","16.9","","1.1","","0.0","","0.2","","0.0","","0.2","","","","","M","","M"
"-81.38","48.57","TIMMINS A","6078286","2022-09-21","2022","09","21","","18.5","","6.1","","12.3","","5.7","","0.0","","14.0","","0.0","","14.0","","","","28","","53",""
"-81.38","48.57","TIMMINS A","6078286","2022-09-22","2022","09","22","","8.6","","2.0","","5.3","","12.7","","0.0","","0.8","","0.0","","0.8","","","","31","","50",""
"-81.38","48.57","TIMMINS A","6078286","2022-09-23","2022","09","23","","16.0","","1.4","","8.7","","9.3","","0.0","","0.3","","0.0","","0.3","","","","26","","32",""
"-81.38","48.57","TIMMINS A","6078286","2022-09-24","2022","09","24","","17.6","","-0.2","","8.7","","9.3","","0.0","","0.0","","0.0","","0.0","","","","","M","","M"
"-81.38","48.57","TIMMINS A","6078286","2022-09-25","2022","09","25","","17.1","","6.3","","11.7","","6.3","","0.0","","3.9","","0.0","","3.9","","","","","M","","M"
"-81.38","48.57","TIMMINS A","6078286","2022-09-26","2022","09","26","","16.6","","6.5","","11.6","","6.4","","0.0","","1.1","","0.0","","1.1","","","","36","","47",""
"-81.38","48.57","TIMMINS A","6078286","2022-09-27","2022","09","27","","8.9","","4.3","","6.6","","11.4","","0.0","","5.4","","0.0","","5.4","","","","35","","44",""
"-81.38","48.57","TIMMINS A","6078286","2022-09-28","2022","09","28","","6.8","","-2.1","","2.4","","15.6","","0.0","","0.6","","0.0","","0.6","","","","32","","34",""
"-81.38","48.57","TIMMINS A","6078286","2022-09-29","2022","09","29","","16.5","","-2.4","","7.1","","10.9","","0.0","","0.0","","0.0","","0.0","","","","21","","32",""
"-81.38","48.57","TIMMINS A","6078286","2022-09-30","2022","09","30","","18.9","","3.2","","11.1","","6.9","","0.0","","0.0","T","0.0","","0.0","T","","","29","","32",""
"-81.38","48.57","TIMMINS A","6078286","2022-10-01","2022","10","01","","10.9","","-1.7","","4.6","","13.4","","0.0","","0.0","","0.0","","0.0","","","","7","","33",""
"-81.38","48.57","TIMMINS A","6078286","2022-10-02","2022","10","02","","12.8","","-5.1","","3.9","","14.1","","0.0","","0.0","","0.0","","0.0","","","","","M","","M"
"-81.38","48.57","TIMMINS A","6078286","2022-10-03","2022","10","03","","20.9","","3.1","","12.0","","6.0","","0.0","","0.0","","0.0","","0.0","","","","","M","","M"
"-81.38","48.57","TIMMINS A","6078286","2022-10-04","2022","10","04","","20.8","","7.6","","14.2","","3.8","","0.0","","0.0","","0.0","","0.0","","","","","M","","M"
"-81.38","48.57","TIMMINS A","6078286","2022-10-05","2022","10","05","","20.9","","9.5","","15.2","","2.8","","0.0","","16.7","","0.0","","16.7","","","","29","","36",""
"-81.38","48.57","TIMMINS A","6078286","2022-10-06","2022","10","06","","9.5","","0.7","","5.1","","12.9","","0.0","","14.0","","0.9","","14.9","","","","1","","52",""
"-81.38","48.57","TIMMINS A","6078286","2022-10-07","2022","10","07","","4.1","","-1.4","","1.4","","16.6","","0.0","","0.0","","0.6","","0.6","","","","34","","41",""
"-81.38","48.57","TIMMINS A","6078286","2022-10-08","2022","10","08","","6.1","","-0.9","","2.6","","15.4","","0.0","","1.1","","0.0","T","1.1","","0","T","33","","34",""
"-81.38","48.57","TIMMINS A","6078286","2022-10-09","2022","10","09","","6.8","","-1.2","","2.8","","15.2","","0.0","","0.2","","0.2","","0.4","","","","29","","36",""
"-81.38","48.57","TIMMINS A","6078286","2022-10-10","2022","10","10","","10.1","","0.2","","5.2","","12.8","","0.0","","0.0","","0.0","","0.0","","","","23","","31",""
"-81.38","48.57","TIMMINS A","6078286","2022-10-11","2022","10","11","","20.1","","0.6","","10.4","","7.6","","0.0","","0.0","","0.0","","0.0","","","","20","","40",""
"-81.38","48.57","TIMMINS A","6078286","2022-10-12","2022","10","12","","","M","","M","","M","","M","","M","1.0","","0.0","","1.0","","","","17","","55",""
"-81.38","48.57","TIMMINS A","6078286","2022-10-13","2022","10","13","","10.7","","1.9","","6.3","","11.7","","0.0","","0.8","","0.0","","0.8","","","","","M","","M"
"-81.38","48.57","TIMMINS A","6078286","2022-10-14","2022","10","14","","8.9","","-0.4","","4.3","","13.7","","0.0","","1.7","","0.0","","1.7","","","","20","","46",""
"-81.38","48.57","TIMMINS A","6078286","2022-10-15","2022","10","15","","7.7","","2.0","","4.9","","13.1","","0.0","","2.3","","0.0","","2.3","","","","9","","35",""
"-81.38","48.57","TIMMINS A","6078286","2022-10-16","2022","10","16","","6.1","","1.6","","3.9","","14.1","","0.0","","0.2","","0.0","","0.2","","","","","M","","M"
"-81.38","48.57","TIMMINS A","6078286","2022-10-17","2022","10","17","","5.1","","2.6","","3.9","","14.1","","0.0","","6.7","","0.8","","7.5","","","","34","","49",""
"-81.38","48.57","TIMMINS A","6078286","2022-10-18","2022","10","18","","5.1","","0.2","","2.7","","15.3","","0.0","","38.7","","1.4","","43.7","","1","E","2","","57",""
"-81.38","48.57","TIMMINS A","6078286","2022-10-19","2022","10","19","","0.3","","-2.4","","-1.1","","19.1","","0.0","","0.0","","4.8","","4.8","","","","30","","41",""
"-81.38","48.57","TIMMINS A","6078286","2022-10-20","2022","10","20","","1.3","","-3.0","","-0.9","","18.9","","0.0","","0.0","","0.5","","0.5","","","","","M","","M"
"-81.38","48.57","TIMMINS A","6078286","2022-10-21","2022","10","21","","10.8","","0.3","","5.6","","12.4","","0.0","","0.2","","0.0","","0.2","","","","18","","55",""
"-81.38","48.57","TIMMINS A","6078286","2022-10-22","2022","10","22","","","M","","M","","M","","M","","M","","M","0.0","","","M","","","","M","","M"
"-81.38","48.57","TIMMINS A","6078286","2022-10-23","2022","10","23","","23.3","","5.8","","14.6","","3.4","","0.0","","0.5","","0.0","","0.5","","","","19","","37",""
"-81.38","48.57","TIMMINS A","6078286","2022-10-24","2022","10","24","","20.6","","9.6","","15.1","","2.9","","0.0","","0.3","","0.0","","0.3","","","","17","","48",""
"-81.38","48.57","TIMMINS A","6078286","2022-10-25","2022","10","25","","22.5","","11.6","","17.1","","0.9","","0.0","","0.3","","0.0","","0.3","","","","21","","59",""
"-81.38","48.57","TIMMINS A","6078286","2022-10-26","2022","10","26","","11.6","","-0.1","","5.8","","12.2","","0.0","","12.9","","7.4","","20.3","","","","31","","37",""
"-81.38","48.57","TIMMINS A","6078286","2022-10-27","2022","10","27","","4.1","","-1.9","","1.1","","16.9","","0.0","","0.0","","0.0","","0.0","","","","","M","","M"
"-81.38","48.57","TIMMINS A","6078286","2022-10-28","2022","10","28","","11.0","","-1.6","","4.7","","13.3","","0.0","","0.0","","0.0","","0.0","","","","21","","48",""
"-81.38","48.57","TIMMINS A","6078286","2022-10-29","2022","10","29","","15.6","","1.9","","8.8","","9.2","","0.0","","0.0","","0.0","","0.0","","","","22","","48",""
"-81.38","48.57","TIMMINS A","6078286","2022-10-30","2022","10","30","","17.1","","2.0","","9.6","","8.4","","0.0","","0.0","","0.0","","0.0","","","","23","","35",""
"-81.38","48.57","TIMMINS A","6078286","2022-10-31","2022","10","31","","15.5","","1.3","","8.4","","9.6","","0.0","","0.0","","0.0","","0.0","","","","","M","","M"
"-81.38","48.57","TIMMINS A","6078286","2022-11-01","2022","11","01","","16.3","","1.1","","8.7","","9.3","","0.0","","0.0","","0.0","","0.0","","","","28","","32",""
"-81.38","48.57","TIMMINS A","6078286","2022-11-02","2022","11","02","","15.6","","-3.0","","6.3","","11.7","","0.0","","0.0","","0.0","","0.0","","","","15","","37",""
"-81.38","48.57","TIMMINS A","6078286","2022-11-03","2022","11","03","","18.4","","5.8","","12.1","","5.9","","0.0","","0.3","","0.0","","0.3","","","","20","","47",""
"-81.38","48.57","TIMMINS A","6078286","2022-11-04","2022","11","04","","17.2","","1.8","","9.5","","8.5","","0.0","","16.3","","0.0","","16.3","","","","19","","42",""
"-81.38","48.57","TIMMINS A","6078286","2022-11-05","2022","11","05","","13.7","","1.0","","7.4","","10.6","","0.0","","31.4","","0.0","","31.4","","","","22","","54",""
"-81.38","48.57","TIMMINS A","6078286","2022-11-06","2022","11","06","","10.1","","1.8","","6.0","","12.0","","0.0","","4.1","","0.0","","4.1","","","","18","","61",""
"-81.38","48.57","TIMMINS A","6078286","2022-11-07","2022","11","07","","4.5","","-2.6","","1.0","","17.0","","0.0","","1.0","","1.1","","2.1","","","","28","","47",""
"-81.38","48.57","TIMMINS A","6078286","2022-11-08","2022","11","08","","3.0","","-6.0","","-1.5","","19.5","","0.0","","0.0","","0.0","","0.0","","","","31","","39",""
"-81.38","48.57","TIMMINS A","6078286","2022-11-09","2022","11","09","","5.9","","-0.1","","2.9","","15.1","","0.0","","8.4","","0.2","","8.6","","","","17","","54",""
"-81.38","48.57","TIMMINS A","6078286","2022-11-10","2022","11","10","","6.0","","-0.6","","2.7","","15.3","","0.0","","44.4","","14.4","","58.8","","","","8","","53",""
"-81.38","48.57","TIMMINS A","6078286","2022-11-11","2022","11","11","","0.2","","-4.0","","-1.9","","19.9","","0.0","","21.0","","5.6","","30.0","","","","8","","41",""
"-81.38","48.57","TIMMINS A","6078286","2022-11-12","2022","11","12","","-3.4","","-6.6","","-5.0","","23.0","","0.0","","0.0","","0.4","","0.3","","","","32","","41",""
"-81.38","48.57","TIMMINS A","6078286","2022-11-13","2022","11","13","","-4.0","","-6.6","","-5.3","","23.3","","0.0","","0.0","","0.5","","0.5","","","","32","","34",""
"-81.38","48.57","TIMMINS A","6078286","2022-11-14","2022","11","14","","-4.5","","-6.8","","-5.7","","23.7","","0.0","","0.0","","0.0","","0.0","","","","28","","38",""
"-81.38","48.57","TIMMINS A","6078286","2022-11-15","2022","11","15","","-5.8","","-8.8","","-7.3","","25.3","","0.0","","0.0","","0.0","","0.0","","","","","M","","M"
"-81.38","48.57","TIMMINS A","6078286","2022-11-16","2022","11","16","","-6.9","","-10.2","","-8.6","","26.6","","0.0","","0.0","","0.5","","0.5","","","","","M","","M"
"-81.38","48.57","TIMMINS A","6078286","2022-11-17","2022","11","17","","-8.2","","-12.7","","-10.5","","28.5","","0.0","","0.0","","0.2","","0.2","","","","","M","","M"
"-81.38","48.57","TIMMINS A","6078286","2022-11-18","2022","11","18","","-6.8","","-13.8","","-10.3","","28.3","","0.0","","0.0","","0.0","","0.0","","","","","M","","M"
"-81.38","48.57","TIMMINS A","6078286","2022-11-19","2022","11","19","","-4.2","","-12.8","","-8.5","","26.5","","0.0","","0.0","","0.3","","0.3","","","","31","","48",""
"-81.38","48.57","TIMMINS A","6078286","2022-11-20","2022","11","20","","-10.2","","-17.4","","-13.8","","31.8","","0.0","","0.0","","0.0","","0.0","","","","29","","44",""
"-81.38","48.57","TIMMINS A","6078286","2022-11-21","2022","11","21","","-1.7","","-10.8","","-6.3","","24.3","","0.0","","0.0","","5.0","","4.1","","","","31","","55",""
"-81.38","48.57","TIMMINS A","6078286","2022-11-22","2022","11","22","","-3.6","","-14.3","","-9.0","","27.0","","0.0","","0.0","","0.2","","0.2","","","","","M","","M"
"-81.38","48.57","TIMMINS A","6078286","2022-11-23","2022","11","23","","0.4","","-6.9","","-3.3","","21.3","","0.0","","0.0","","0.0","","0.0","","","","","M","","M"
"-81.38","48.57","TIMMINS A","6078286","2022-11-24","2022","11","24","","4.6","","-3.5","","0.6","","17.4","","0.0","","3.8","","0.4","","4.2","","","","30","","31",""
"-81.38","48.57","TIMMINS A","6078286","2022-11-25","2022","11","25","","0.3","","-4.9","","-2.3","","20.3","","0.0","","0.0","","0.6","","0.6","","","","31","","37",""
"-81.38","48.57","TIMMINS A","6078286","2022-11-26","2022","11","26","","8.2","","-2.2","","3.0","","15.0","","0.0","","0.0","","0.0","","0.0","","","","20","","35",""
"-81.38","48.57","TIMMINS A","6078286","2022-11-27","2022","11","27","","1.8","","-6.0","","-2.1","","20.1","","0.0","","0.0","","0.0","T","0.0","T","","","34","","39",""
"-81.38","48.57","TIMMINS A","6078286","2022-11-28","2022","11","28","","-4.2","","-8.7","","-6.5","","24.5","","0.0","","0.0","","0.0","","0.0","","","","36","","31",""
"-81.38","48.57","TIMMINS A","6078286","2022-11-29","2022","11","29","","0.8","","-6.3","","-2.8","","20.8","","0.0","","0.0","","0.0","T","0.0","T","","","12","","54",""
"-81.38","48.57","TIMMINS A","6078286","2022-11-30","2022","11","30","","3.0","","-4.6","","-0.8","","18.8","","0.0","","1.9","","0.2","","1.9","","","","14","","52",""
"-81.38","48.57","TIMMINS A","6078286","2022-12-01","2022","12","01","","-4.2","","-9.6","","-6.9","","24.9","","0.0","","0.0","","0.0","","0.0","","","","28","","63",""
"-81.38","48.57","TIMMINS A","6078286","2022-12-02","2022","12","02","","2.6","","-6.3","","-1.9","","19.9","","0.0","","0.0","","0.0","","0.0","","","","20","","46",""
"-81.38","48.57","TIMMINS A","6078286","2022-12-03","2022","12","03","","2.4","","-16.3","","-7.0","","25.0","","0.0","","0.5","","3.4","","3.9","","","","30","","68",""
"-81.38","48.57","TIMMINS A","6078286","2022-12-04","2022","12","04","","-4.7","","-16.3","","-10.5","","28.5","","0.0","","0.0","","1.2","","0.5","","","","21","","38",""
"-81.38","48.57","TIMMINS A","6078286","2022-12-05","2022","12","05","","-3.1","","-13.9","","-8.5","","26.5","","0.0","","0.0","","0.7","","0.7","","","","31","","47",""
"-81.38","48.57","TIMMINS A","6078286","2022-12-06","2022","12","06","","-11.0","","-21.3","","-16.2","","34.2","","0.0","","0.0","","0.0","T","0.0","T","","","","M","","M"
"-81.38","48.57","TIMMINS A","6078286","2022-12-07","2022","12","07","","-4.9","","-18.2","","-11.6","","29.6","","0.0","","0.0","","0.7","","0.7","","","","36","","40",""
"-81.38","48.57","TIMMINS A","6078286","2022-12-08","2022","12","08","","-11.0","","-23.6","","-17.3","","35.3","","0.0","","0.0","","0.0","T","0.0","T","","","","M","","M"
"-81.38","48.57","TIMMINS A","6078286","2022-12-09","2022","12","09","","-10.2","","-18.9","","-14.6","","32.6","","0.0","","0.0","","0.0","T","0.0","T","","","","M","","M"
"-81.38","48.57","TIMMINS A","6078286","2022-12-10","2022","12","10","","-11.2","","-20.3","","-15.8","","33.8","","0.0","","0.0","","0.0","","0.0","","","","","M","","M"
"-81.38","48.57","TIMMINS A","6078286","2022-12-11","2022","12","11","","-6.9","","-19.4","","-13.2","","31.2","","0.0","","0.0","","0.0","","0.0","","","","","M","","M"
"-81.38","48.57","TIMMINS A","6078286","2022-12-12","2022","12","12","","-6.9","","-22.0","","-14.5","","32.5","","0.0","","0.0","","0.0","","0.0","","","","","M","","M"
"-81.38","48.57","TIMMINS A","6078286","2022-12-13","2022","12","13","","-4.4","","-22.1","","-13.3","","31.3","","0.0","","0.0","","0.0","","0.0","","","","","M","","M"
"-81.38","48.57","TIMMINS A","6078286","2022-12-14","2022","12","14","","-7.2","","-15.2","","-11.2","","29.2","","0.0","","0.0","","0.0","T","0.0","T","","","","M","","M"
"-81.38","48.57","TIMMINS A","6078286","2022-12-15","2022","12","15","","0.0","","-11.0","","-5.5","","23.5","","0.0","","0.0","","3.4","","2.0","","","","13","","51",""
"-81.38","48.57","TIMMINS A","6078286","2022-12-16","2022","12","16","","0.7","","-0.6","","0.1","","17.9","","0.0","","0.0","","0.9","","0.9","","","","13","","32",""
"-81.38","48.57","TIMMINS A","6078286","2022-12-17","2022","12","17","","-0.5","","-3.0","","-1.8","","19.8","","0.0","","0.0","","0.7","","0.7","","","","","M","","M"
"-81.38","48.57","TIMMINS A","6078286","2022-12-18","2022","12","18","","-1.9","","-8.8","","-5.4","","23.4","","0.0","","0.0","","0.7","","0.7","","","","28","","33",""
"-81.38","48.57","TIMMINS A","6078286","2022-12-19","2022","12","19","","-8.6","","-13.3","","-11.0","","29.0","","0.0","","0.0","","0.2","","0.2","","","","29","","32",""
"-81.38","48.57","TIMMINS A","6078286","2022-12-20","2022","12","20","","-4.8","","-13.7","","-9.3","","27.3","","0.0","","0.0","","1.2","","1.2","","","","19","","31",""
"-81.38","48.57","TIMMINS A","6078286","2022-12-21","2022","12","21","","-9.2","","-20.4","","-14.8","","32.8","","0.0","","0.0","","0.0","T","0.0","T","","","28","","39",""
"-81.38","48.57","TIMMINS A","6078286","2022-12-22","2022","12","22","","-4.9","","-15.2","","-10.1","","28.1","","0.0","","0.0","","0.3","","0.3","","","","12","","34",""
"-81.38","48.57","TIMMINS A","6078286","2022-12-23","2022","12","23","","-3.2","","-5.9","","-4.6","","22.6","","0.0","","0.0","","9.9","","9.2","","","","5","","41",""
"-81.38","48.57","TIMMINS A","6078286","2022-12-24","2022","12","24","","-5.9","","-13.2","","-9.6","","27.6","","0.0","","0.0","","0.8","","0.8","","","","29","","56",""
"-81.38","48.57","TIMMINS A","6078286","2022-12-25","2022","12","25","","-12.4","","-15.2","","-13.8","","31.8","","0.0","","0.0","","0.0","T","0.0","T","","","28","","48",""
"-81.38","48.57","TIMMINS A","6078286","2022-12-26","2022","12","26","","-14.6","","-20.1","","-17.4","","35.4","","0.0","","0.0","","0.0","T","0.0","T","","","28","","44",""
"-81.38","48.57","TIMMINS A","6078286","2022-12-27","2022","12","27","","-7.1","","-17.9","","-12.5","","30.5","","0.0","","0.0","","0.5","","0.2","","","","","M","","M"
"-81.38","48.57","TIMMINS A","6078286","2022-12-28","2022","12","28","","-1.3","","-7.2","","-4.3","","22.3","","0.0","","0.2","","1.4","","1.6","","","","","M","","M"
"-81.38","48.57","TIMMINS A","6078286","2022-12-29","2022","12","29","","3.2","","-1.3","","1.0","","17.0","","0.0","","0.0","","0.0","T","0.0","T","","","","M","","M"
"-81.38","48.57","TIMMINS A","6078286","2022-12-30","2022","12","30","","8.0","","-0.2","","3.9","","14.1","","0.0","","1.0","","0.0","T","1.0","","","","28","","46",""
"-81.38","48.57","TIMMINS A","6078286","2022-12-31","2022","12","31","","0.0","","-2.1","","-1.1","","19.1","","0.0","","0.0","","0.0","T","0.0","T","","","","M","","M"
